,image_name,target
0,img_0.jpg,0
1,img_1.jpg,0
2,img_2.jpg,0
3,img_3.jpg,0
4,img_4.jpg,0
5,img_5.jpg,0
6,img_6.jpg,0
7,img_7.jpg,0
8,img_8.jpg,0
9,img_9.jpg,0
10,img_10.jpg,0
11,img_11.jpg,0
12,img_12.jpg,0
13,img_13.jpg,0
14,img_14.jpg,0
15,img_15.jpg,0
16,img_16.jpg,0
17,img_17.jpg,0
18,img_18.jpg,0
19,img_19.jpg,0
20,img_20.jpg,0
21,img_21.jpg,0
22,img_22.jpg,0
23,img_23.jpg,0
24,img_24.jpg,0
25,img_25.jpg,0
26,img_26.jpg,0
27,img_27.jpg,0
28,img_28.jpg,0
29,img_29.jpg,0
30,img_30.jpg,0
31,img_31.jpg,0
32,img_32.jpg,0
33,img_33.jpg,0
34,img_34.jpg,0
35,img_35.jpg,0
36,img_36.jpg,0
37,img_37.jpg,0
38,img_38.jpg,0
39,img_39.jpg,0
40,img_40.jpg,0
41,img_41.jpg,0
42,img_42.jpg,0
43,img_43.jpg,0
44,img_44.jpg,0
45,img_45.jpg,0
46,img_46.jpg,0
47,img_47.jpg,0
48,img_48.jpg,0
49,img_49.jpg,0
50,img_50.jpg,0
51,img_51.jpg,0
52,img_52.jpg,0
53,img_53.jpg,0
54,img_54.jpg,0
55,img_55.jpg,0
56,img_56.jpg,0
57,img_57.jpg,0
58,img_58.jpg,0
59,img_59.jpg,0
60,img_60.jpg,0
61,img_61.jpg,0
62,img_62.jpg,0
63,img_63.jpg,0
64,img_64.jpg,0
65,img_65.jpg,0
66,img_66.jpg,0
67,img_67.jpg,0
68,img_68.jpg,0
69,img_69.jpg,0
70,img_70.jpg,0
71,img_71.jpg,0
72,img_72.jpg,0
73,img_73.jpg,0
74,img_74.jpg,0
75,img_75.jpg,0
76,img_76.jpg,0
77,img_77.jpg,0
78,img_78.jpg,0
79,img_79.jpg,0
80,img_80.jpg,0
81,img_81.jpg,0
82,img_82.jpg,0
83,img_83.jpg,0
84,img_84.jpg,0
85,img_85.jpg,0
86,img_86.jpg,0
87,img_87.jpg,0
88,img_88.jpg,0
89,img_89.jpg,0
90,img_90.jpg,0
91,img_91.jpg,0
92,img_92.jpg,0
93,img_93.jpg,0
94,img_94.jpg,0
95,img_95.jpg,0
96,img_96.jpg,0
97,img_97.jpg,0
98,img_98.jpg,0
99,img_99.jpg,0
100,img_100.jpg,0
101,img_101.jpg,0
102,img_102.jpg,0
103,img_103.jpg,0
104,img_104.jpg,0
105,img_105.jpg,0
106,img_106.jpg,0
107,img_107.jpg,0
108,img_108.jpg,0
109,img_109.jpg,0
110,img_110.jpg,0
111,img_111.jpg,0
112,img_112.jpg,0
113,img_113.jpg,0
114,img_114.jpg,0
115,img_115.jpg,0
116,img_116.jpg,0
117,img_117.jpg,0
118,img_118.jpg,0
119,img_119.jpg,0
120,img_120.jpg,0
121,img_121.jpg,0
122,img_122.jpg,0
123,img_123.jpg,0
124,img_124.jpg,1
125,img_125.jpg,1
126,img_126.jpg,1
127,img_127.jpg,1
128,img_128.jpg,1
129,img_129.jpg,1
130,img_130.jpg,1
131,img_131.jpg,1
132,img_132.jpg,1
133,img_133.jpg,1
134,img_134.jpg,1
135,img_135.jpg,1
136,img_136.jpg,1
137,img_137.jpg,1
138,img_138.jpg,1
139,img_139.jpg,1
140,img_140.jpg,1
141,img_141.jpg,1
142,img_142.jpg,1
143,img_143.jpg,1
144,img_144.jpg,1
145,img_145.jpg,1
146,img_146.jpg,1
147,img_147.jpg,1
148,img_148.jpg,1
149,img_149.jpg,1
150,img_150.jpg,1
151,img_151.jpg,1
152,img_152.jpg,1
153,img_153.jpg,1
154,img_154.jpg,1
155,img_155.jpg,1
156,img_156.jpg,1
157,img_157.jpg,1
158,img_158.jpg,1
159,img_159.jpg,1
160,img_160.jpg,1
161,img_161.jpg,1
162,img_162.jpg,1
163,img_163.jpg,1
164,img_164.jpg,1
165,img_165.jpg,1
166,img_166.jpg,1
167,img_167.jpg,1
168,img_168.jpg,1
169,img_169.jpg,1
170,img_170.jpg,1
171,img_171.jpg,1
172,img_172.jpg,1
173,img_173.jpg,1
174,img_174.jpg,1
175,img_175.jpg,1
176,img_176.jpg,1
177,img_177.jpg,1
178,img_178.jpg,1
179,img_179.jpg,1
180,img_180.jpg,1
181,img_181.jpg,1
182,img_182.jpg,1
183,img_183.jpg,1
184,img_184.jpg,1
185,img_185.jpg,1
186,img_186.jpg,1
187,img_187.jpg,1
188,img_188.jpg,1
189,img_189.jpg,1
190,img_190.jpg,1
191,img_191.jpg,1
192,img_192.jpg,1
193,img_193.jpg,1
194,img_194.jpg,1
195,img_195.jpg,1
196,img_196.jpg,1
197,img_197.jpg,1
198,img_198.jpg,1
199,img_199.jpg,1
200,img_200.jpg,1
201,img_201.jpg,1
202,img_202.jpg,1
203,img_203.jpg,1
204,img_204.jpg,1
205,img_205.jpg,1
206,img_206.jpg,1
207,img_207.jpg,1
208,img_208.jpg,1
209,img_209.jpg,1
210,img_210.jpg,1
211,img_211.jpg,1
212,img_212.jpg,1
213,img_213.jpg,1
214,img_214.jpg,1
215,img_215.jpg,1
216,img_216.jpg,1
217,img_217.jpg,1
218,img_218.jpg,1
219,img_219.jpg,1
220,img_220.jpg,1
221,img_221.jpg,1
222,img_222.jpg,1
223,img_223.jpg,1
224,img_224.jpg,1
225,img_225.jpg,1
226,img_226.jpg,1
227,img_227.jpg,1
228,img_228.jpg,1
229,img_229.jpg,1
230,img_230.jpg,1
231,img_231.jpg,1
232,img_232.jpg,1
233,img_233.jpg,1
234,img_234.jpg,1
235,img_235.jpg,1
236,img_236.jpg,1
237,img_237.jpg,1
238,img_238.jpg,1
239,img_239.jpg,1
240,img_240.jpg,1
241,img_241.jpg,1
242,img_242.jpg,1
243,img_243.jpg,1
244,img_244.jpg,1
245,img_245.jpg,1
246,img_246.jpg,1
247,img_247.jpg,2
248,img_248.jpg,2
249,img_249.jpg,2
250,img_250.jpg,2
251,img_251.jpg,2
252,img_252.jpg,2
253,img_253.jpg,2
254,img_254.jpg,2
255,img_255.jpg,2
256,img_256.jpg,2
257,img_257.jpg,2
258,img_258.jpg,2
259,img_259.jpg,2
260,img_260.jpg,2
261,img_261.jpg,2
262,img_262.jpg,2
263,img_263.jpg,2
264,img_264.jpg,2
265,img_265.jpg,2
266,img_266.jpg,2
267,img_267.jpg,2
268,img_268.jpg,2
269,img_269.jpg,2
270,img_270.jpg,2
271,img_271.jpg,2
272,img_272.jpg,2
273,img_273.jpg,2
274,img_274.jpg,2
275,img_275.jpg,2
276,img_276.jpg,2
277,img_277.jpg,2
278,img_278.jpg,2
279,img_279.jpg,2
280,img_280.jpg,2
281,img_281.jpg,2
282,img_282.jpg,2
283,img_283.jpg,2
284,img_284.jpg,2
285,img_285.jpg,2
286,img_286.jpg,2
287,img_287.jpg,2
288,img_288.jpg,2
289,img_289.jpg,2
290,img_290.jpg,2
291,img_291.jpg,2
292,img_292.jpg,2
293,img_293.jpg,2
294,img_294.jpg,2
295,img_295.jpg,2
296,img_296.jpg,2
297,img_297.jpg,2
298,img_298.jpg,2
299,img_299.jpg,2
300,img_300.jpg,2
301,img_301.jpg,2
302,img_302.jpg,2
303,img_303.jpg,2
304,img_304.jpg,2
305,img_305.jpg,2
306,img_306.jpg,2
307,img_307.jpg,2
308,img_308.jpg,2
309,img_309.jpg,2
310,img_310.jpg,2
311,img_311.jpg,2
312,img_312.jpg,2
313,img_313.jpg,2
314,img_314.jpg,2
315,img_315.jpg,2
316,img_316.jpg,2
317,img_317.jpg,2
318,img_318.jpg,2
319,img_319.jpg,2
320,img_320.jpg,2
321,img_321.jpg,2
322,img_322.jpg,2
323,img_323.jpg,2
324,img_324.jpg,2
325,img_325.jpg,2
326,img_326.jpg,2
327,img_327.jpg,2
328,img_328.jpg,2
329,img_329.jpg,2
330,img_330.jpg,2
331,img_331.jpg,2
332,img_332.jpg,2
333,img_333.jpg,2
334,img_334.jpg,2
335,img_335.jpg,2
336,img_336.jpg,2
337,img_337.jpg,2
338,img_338.jpg,2
339,img_339.jpg,2
340,img_340.jpg,2
341,img_341.jpg,2
342,img_342.jpg,2
343,img_343.jpg,2
344,img_344.jpg,2
345,img_345.jpg,2
346,img_346.jpg,2
347,img_347.jpg,2
348,img_348.jpg,2
349,img_349.jpg,2
350,img_350.jpg,2
351,img_351.jpg,2
352,img_352.jpg,2
353,img_353.jpg,2
354,img_354.jpg,2
355,img_355.jpg,2
356,img_356.jpg,2
357,img_357.jpg,2
358,img_358.jpg,2
359,img_359.jpg,2
360,img_360.jpg,2
361,img_361.jpg,2
362,img_362.jpg,2
363,img_363.jpg,2
364,img_364.jpg,2
365,img_365.jpg,2
366,img_366.jpg,2
367,img_367.jpg,2
368,img_368.jpg,2
369,img_369.jpg,2
370,img_370.jpg,3
371,img_371.jpg,3
372,img_372.jpg,3
373,img_373.jpg,3
374,img_374.jpg,3
375,img_375.jpg,3
376,img_376.jpg,3
377,img_377.jpg,3
378,img_378.jpg,3
379,img_379.jpg,3
380,img_380.jpg,3
381,img_381.jpg,3
382,img_382.jpg,3
383,img_383.jpg,3
384,img_384.jpg,3
385,img_385.jpg,3
386,img_386.jpg,3
387,img_387.jpg,3
388,img_388.jpg,3
389,img_389.jpg,3
390,img_390.jpg,3
391,img_391.jpg,3
392,img_392.jpg,3
393,img_393.jpg,3
394,img_394.jpg,3
395,img_395.jpg,3
396,img_396.jpg,3
397,img_397.jpg,3
398,img_398.jpg,3
399,img_399.jpg,3
400,img_400.jpg,3
401,img_401.jpg,3
402,img_402.jpg,3
403,img_403.jpg,3
404,img_404.jpg,3
405,img_405.jpg,3
406,img_406.jpg,3
407,img_407.jpg,3
408,img_408.jpg,3
409,img_409.jpg,3
410,img_410.jpg,3
411,img_411.jpg,3
412,img_412.jpg,3
413,img_413.jpg,3
414,img_414.jpg,3
415,img_415.jpg,3
416,img_416.jpg,3
417,img_417.jpg,3
418,img_418.jpg,3
419,img_419.jpg,3
420,img_420.jpg,3
421,img_421.jpg,3
422,img_422.jpg,3
423,img_423.jpg,3
424,img_424.jpg,3
425,img_425.jpg,3
426,img_426.jpg,3
427,img_427.jpg,3
428,img_428.jpg,3
429,img_429.jpg,3
430,img_430.jpg,3
431,img_431.jpg,3
432,img_432.jpg,3
433,img_433.jpg,3
434,img_434.jpg,3
435,img_435.jpg,3
436,img_436.jpg,3
437,img_437.jpg,3
438,img_438.jpg,3
439,img_439.jpg,3
440,img_440.jpg,3
441,img_441.jpg,3
442,img_442.jpg,3
443,img_443.jpg,3
444,img_444.jpg,3
445,img_445.jpg,3
446,img_446.jpg,3
447,img_447.jpg,3
448,img_448.jpg,3
449,img_449.jpg,3
450,img_450.jpg,3
451,img_451.jpg,3
452,img_452.jpg,3
453,img_453.jpg,3
454,img_454.jpg,3
455,img_455.jpg,3
456,img_456.jpg,3
457,img_457.jpg,3
458,img_458.jpg,3
459,img_459.jpg,3
460,img_460.jpg,3
461,img_461.jpg,3
462,img_462.jpg,3
463,img_463.jpg,3
464,img_464.jpg,3
465,img_465.jpg,3
466,img_466.jpg,3
467,img_467.jpg,3
468,img_468.jpg,3
469,img_469.jpg,3
470,img_470.jpg,3
471,img_471.jpg,3
472,img_472.jpg,3
473,img_473.jpg,3
474,img_474.jpg,3
475,img_475.jpg,3
476,img_476.jpg,3
477,img_477.jpg,3
478,img_478.jpg,3
479,img_479.jpg,3
480,img_480.jpg,3
481,img_481.jpg,3
482,img_482.jpg,3
483,img_483.jpg,3
484,img_484.jpg,3
485,img_485.jpg,3
486,img_486.jpg,3
487,img_487.jpg,3
488,img_488.jpg,3
489,img_489.jpg,3
490,img_490.jpg,3
491,img_491.jpg,3
492,img_492.jpg,3
493,img_493.jpg,4
494,img_494.jpg,4
495,img_495.jpg,4
496,img_496.jpg,4
497,img_497.jpg,4
498,img_498.jpg,4
499,img_499.jpg,4
500,img_500.jpg,4
501,img_501.jpg,4
502,img_502.jpg,4
503,img_503.jpg,4
504,img_504.jpg,4
505,img_505.jpg,4
506,img_506.jpg,4
507,img_507.jpg,4
508,img_508.jpg,4
509,img_509.jpg,4
510,img_510.jpg,4
511,img_511.jpg,4
512,img_512.jpg,4
513,img_513.jpg,4
514,img_514.jpg,4
515,img_515.jpg,4
516,img_516.jpg,4
517,img_517.jpg,4
518,img_518.jpg,4
519,img_519.jpg,4
520,img_520.jpg,4
521,img_521.jpg,4
522,img_522.jpg,4
523,img_523.jpg,4
524,img_524.jpg,4
525,img_525.jpg,4
526,img_526.jpg,4
527,img_527.jpg,4
528,img_528.jpg,4
529,img_529.jpg,4
530,img_530.jpg,4
531,img_531.jpg,4
532,img_532.jpg,4
533,img_533.jpg,4
534,img_534.jpg,4
535,img_535.jpg,4
536,img_536.jpg,4
537,img_537.jpg,4
538,img_538.jpg,4
539,img_539.jpg,4
540,img_540.jpg,4
541,img_541.jpg,4
542,img_542.jpg,4
543,img_543.jpg,4
544,img_544.jpg,4
545,img_545.jpg,4
546,img_546.jpg,4
547,img_547.jpg,4
548,img_548.jpg,4
549,img_549.jpg,4
550,img_550.jpg,4
551,img_551.jpg,4
552,img_552.jpg,4
553,img_553.jpg,4
554,img_554.jpg,4
555,img_555.jpg,4
556,img_556.jpg,4
557,img_557.jpg,4
558,img_558.jpg,4
559,img_559.jpg,4
560,img_560.jpg,4
561,img_561.jpg,4
562,img_562.jpg,4
563,img_563.jpg,4
564,img_564.jpg,4
565,img_565.jpg,4
566,img_566.jpg,4
567,img_567.jpg,4
568,img_568.jpg,4
569,img_569.jpg,4
570,img_570.jpg,4
571,img_571.jpg,4
572,img_572.jpg,4
573,img_573.jpg,4
574,img_574.jpg,4
575,img_575.jpg,4
576,img_576.jpg,4
577,img_577.jpg,4
578,img_578.jpg,4
579,img_579.jpg,4
580,img_580.jpg,4
581,img_581.jpg,4
582,img_582.jpg,4
583,img_583.jpg,4
584,img_584.jpg,4
585,img_585.jpg,4
586,img_586.jpg,4
587,img_587.jpg,4
588,img_588.jpg,4
589,img_589.jpg,4
590,img_590.jpg,4
591,img_591.jpg,4
592,img_592.jpg,4
593,img_593.jpg,4
594,img_594.jpg,4
595,img_595.jpg,4
596,img_596.jpg,4
597,img_597.jpg,4
598,img_598.jpg,4
599,img_599.jpg,4
600,img_600.jpg,4
601,img_601.jpg,4
602,img_602.jpg,4
603,img_603.jpg,4
604,img_604.jpg,4
605,img_605.jpg,4
606,img_606.jpg,4
607,img_607.jpg,4
608,img_608.jpg,4
609,img_609.jpg,4
610,img_610.jpg,4
611,img_611.jpg,4
612,img_612.jpg,4
613,img_613.jpg,4
614,img_614.jpg,4
615,img_615.jpg,4
616,img_616.jpg,5
617,img_617.jpg,5
618,img_618.jpg,5
619,img_619.jpg,5
620,img_620.jpg,5
621,img_621.jpg,5
622,img_622.jpg,5
623,img_623.jpg,5
624,img_624.jpg,5
625,img_625.jpg,5
626,img_626.jpg,5
627,img_627.jpg,5
628,img_628.jpg,5
629,img_629.jpg,5
630,img_630.jpg,5
631,img_631.jpg,5
632,img_632.jpg,5
633,img_633.jpg,5
634,img_634.jpg,5
635,img_635.jpg,5
636,img_636.jpg,5
637,img_637.jpg,5
638,img_638.jpg,5
639,img_639.jpg,5
640,img_640.jpg,5
641,img_641.jpg,5
642,img_642.jpg,5
643,img_643.jpg,5
644,img_644.jpg,5
645,img_645.jpg,5
646,img_646.jpg,5
647,img_647.jpg,5
648,img_648.jpg,5
649,img_649.jpg,5
650,img_650.jpg,5
651,img_651.jpg,5
652,img_652.jpg,5
653,img_653.jpg,5
654,img_654.jpg,5
655,img_655.jpg,5
656,img_656.jpg,5
657,img_657.jpg,5
658,img_658.jpg,5
659,img_659.jpg,5
660,img_660.jpg,5
661,img_661.jpg,5
662,img_662.jpg,5
663,img_663.jpg,5
664,img_664.jpg,5
665,img_665.jpg,5
666,img_666.jpg,5
667,img_667.jpg,5
668,img_668.jpg,5
669,img_669.jpg,5
670,img_670.jpg,5
671,img_671.jpg,5
672,img_672.jpg,5
673,img_673.jpg,5
674,img_674.jpg,5
675,img_675.jpg,5
676,img_676.jpg,5
677,img_677.jpg,5
678,img_678.jpg,5
679,img_679.jpg,5
680,img_680.jpg,5
681,img_681.jpg,5
682,img_682.jpg,5
683,img_683.jpg,5
684,img_684.jpg,5
685,img_685.jpg,5
686,img_686.jpg,5
687,img_687.jpg,5
688,img_688.jpg,5
689,img_689.jpg,5
690,img_690.jpg,5
691,img_691.jpg,5
692,img_692.jpg,5
693,img_693.jpg,5
694,img_694.jpg,5
695,img_695.jpg,5
696,img_696.jpg,5
697,img_697.jpg,5
698,img_698.jpg,5
699,img_699.jpg,5
700,img_700.jpg,5
701,img_701.jpg,5
702,img_702.jpg,5
703,img_703.jpg,5
704,img_704.jpg,5
705,img_705.jpg,5
706,img_706.jpg,5
707,img_707.jpg,5
708,img_708.jpg,5
709,img_709.jpg,5
710,img_710.jpg,5
711,img_711.jpg,5
712,img_712.jpg,5
713,img_713.jpg,5
714,img_714.jpg,5
715,img_715.jpg,5
716,img_716.jpg,5
717,img_717.jpg,5
718,img_718.jpg,5
719,img_719.jpg,5
720,img_720.jpg,5
721,img_721.jpg,5
722,img_722.jpg,5
723,img_723.jpg,5
724,img_724.jpg,5
725,img_725.jpg,5
726,img_726.jpg,5
727,img_727.jpg,5
728,img_728.jpg,5
729,img_729.jpg,5
730,img_730.jpg,5
731,img_731.jpg,5
732,img_732.jpg,5
733,img_733.jpg,5
734,img_734.jpg,5
735,img_735.jpg,5
736,img_736.jpg,5
737,img_737.jpg,5
738,img_738.jpg,5
739,img_739.jpg,6
740,img_740.jpg,6
741,img_741.jpg,6
742,img_742.jpg,6
743,img_743.jpg,6
744,img_744.jpg,6
745,img_745.jpg,6
746,img_746.jpg,6
747,img_747.jpg,6
748,img_748.jpg,6
749,img_749.jpg,6
750,img_750.jpg,6
751,img_751.jpg,6
752,img_752.jpg,6
753,img_753.jpg,6
754,img_754.jpg,6
755,img_755.jpg,6
756,img_756.jpg,6
757,img_757.jpg,6
758,img_758.jpg,6
759,img_759.jpg,6
760,img_760.jpg,6
761,img_761.jpg,6
762,img_762.jpg,6
763,img_763.jpg,6
764,img_764.jpg,6
765,img_765.jpg,6
766,img_766.jpg,6
767,img_767.jpg,6
768,img_768.jpg,6
769,img_769.jpg,6
770,img_770.jpg,6
771,img_771.jpg,6
772,img_772.jpg,6
773,img_773.jpg,6
774,img_774.jpg,6
775,img_775.jpg,6
776,img_776.jpg,6
777,img_777.jpg,6
778,img_778.jpg,6
779,img_779.jpg,6
780,img_780.jpg,6
781,img_781.jpg,6
782,img_782.jpg,6
783,img_783.jpg,6
784,img_784.jpg,6
785,img_785.jpg,6
786,img_786.jpg,6
787,img_787.jpg,6
788,img_788.jpg,6
789,img_789.jpg,6
790,img_790.jpg,6
791,img_791.jpg,6
792,img_792.jpg,6
793,img_793.jpg,6
794,img_794.jpg,6
795,img_795.jpg,6
796,img_796.jpg,6
797,img_797.jpg,6
798,img_798.jpg,6
799,img_799.jpg,6
800,img_800.jpg,6
801,img_801.jpg,6
802,img_802.jpg,6
803,img_803.jpg,6
804,img_804.jpg,6
805,img_805.jpg,6
806,img_806.jpg,6
807,img_807.jpg,6
808,img_808.jpg,6
809,img_809.jpg,6
810,img_810.jpg,6
811,img_811.jpg,6
812,img_812.jpg,6
813,img_813.jpg,6
814,img_814.jpg,6
815,img_815.jpg,6
816,img_816.jpg,6
817,img_817.jpg,6
818,img_818.jpg,6
819,img_819.jpg,6
820,img_820.jpg,6
821,img_821.jpg,6
822,img_822.jpg,6
823,img_823.jpg,6
824,img_824.jpg,6
825,img_825.jpg,6
826,img_826.jpg,6
827,img_827.jpg,6
828,img_828.jpg,6
829,img_829.jpg,6
830,img_830.jpg,6
831,img_831.jpg,6
832,img_832.jpg,6
833,img_833.jpg,6
834,img_834.jpg,6
835,img_835.jpg,6
836,img_836.jpg,6
837,img_837.jpg,6
838,img_838.jpg,6
839,img_839.jpg,6
840,img_840.jpg,6
841,img_841.jpg,6
842,img_842.jpg,6
843,img_843.jpg,6
844,img_844.jpg,6
845,img_845.jpg,6
846,img_846.jpg,6
847,img_847.jpg,6
848,img_848.jpg,6
849,img_849.jpg,6
850,img_850.jpg,6
851,img_851.jpg,6
852,img_852.jpg,6
853,img_853.jpg,6
854,img_854.jpg,6
855,img_855.jpg,6
856,img_856.jpg,6
857,img_857.jpg,6
858,img_858.jpg,6
859,img_859.jpg,6
860,img_860.jpg,6
861,img_861.jpg,6
862,img_862.jpg,7
863,img_863.jpg,7
864,img_864.jpg,7
865,img_865.jpg,7
866,img_866.jpg,7
867,img_867.jpg,7
868,img_868.jpg,7
869,img_869.jpg,7
870,img_870.jpg,7
871,img_871.jpg,7
872,img_872.jpg,7
873,img_873.jpg,7
874,img_874.jpg,7
875,img_875.jpg,7
876,img_876.jpg,7
877,img_877.jpg,7
878,img_878.jpg,7
879,img_879.jpg,7
880,img_880.jpg,7
881,img_881.jpg,7
882,img_882.jpg,7
883,img_883.jpg,7
884,img_884.jpg,7
885,img_885.jpg,7
886,img_886.jpg,7
887,img_887.jpg,7
888,img_888.jpg,7
889,img_889.jpg,7
890,img_890.jpg,7
891,img_891.jpg,7
892,img_892.jpg,7
893,img_893.jpg,7
894,img_894.jpg,7
895,img_895.jpg,7
896,img_896.jpg,7
897,img_897.jpg,7
898,img_898.jpg,7
899,img_899.jpg,7
900,img_900.jpg,7
901,img_901.jpg,7
902,img_902.jpg,7
903,img_903.jpg,7
904,img_904.jpg,7
905,img_905.jpg,7
906,img_906.jpg,7
907,img_907.jpg,7
908,img_908.jpg,7
909,img_909.jpg,7
910,img_910.jpg,7
911,img_911.jpg,7
912,img_912.jpg,7
913,img_913.jpg,7
914,img_914.jpg,7
915,img_915.jpg,7
916,img_916.jpg,7
917,img_917.jpg,7
918,img_918.jpg,7
919,img_919.jpg,7
920,img_920.jpg,7
921,img_921.jpg,7
922,img_922.jpg,7
923,img_923.jpg,7
924,img_924.jpg,7
925,img_925.jpg,7
926,img_926.jpg,7
927,img_927.jpg,7
928,img_928.jpg,7
929,img_929.jpg,7
930,img_930.jpg,7
931,img_931.jpg,7
932,img_932.jpg,7
933,img_933.jpg,7
934,img_934.jpg,7
935,img_935.jpg,7
936,img_936.jpg,7
937,img_937.jpg,7
938,img_938.jpg,7
939,img_939.jpg,7
940,img_940.jpg,7
941,img_941.jpg,7
942,img_942.jpg,7
943,img_943.jpg,7
944,img_944.jpg,7
945,img_945.jpg,7
946,img_946.jpg,7
947,img_947.jpg,7
948,img_948.jpg,7
949,img_949.jpg,7
950,img_950.jpg,7
951,img_951.jpg,7
952,img_952.jpg,7
953,img_953.jpg,7
954,img_954.jpg,7
955,img_955.jpg,7
956,img_956.jpg,7
957,img_957.jpg,7
958,img_958.jpg,7
959,img_959.jpg,7
960,img_960.jpg,7
961,img_961.jpg,7
962,img_962.jpg,7
963,img_963.jpg,7
964,img_964.jpg,7
965,img_965.jpg,7
966,img_966.jpg,7
967,img_967.jpg,7
968,img_968.jpg,7
969,img_969.jpg,7
970,img_970.jpg,7
971,img_971.jpg,7
972,img_972.jpg,7
973,img_973.jpg,7
974,img_974.jpg,7
975,img_975.jpg,7
976,img_976.jpg,7
977,img_977.jpg,7
978,img_978.jpg,7
979,img_979.jpg,7
980,img_980.jpg,7
981,img_981.jpg,7
982,img_982.jpg,7
983,img_983.jpg,7
984,img_984.jpg,7
